Aroma,Flavor,Aftertaste,Acidity,Body,Balance,Quality
8.67,8.83,8.67,8.75,8.5,8.42,90.58
8.75,8.67,8.5,8.58,8.42,8.42,89.92
8.42,8.5,8.42,8.42,8.33,8.42,89.75
8.17,8.58,8.42,8.42,8.5,8.25,89.0
8.25,8.5,8.25,8.5,8.42,8.33,88.83
8.58,8.42,8.42,8.5,8.25,8.33,88.83
8.42,8.5,8.33,8.5,8.25,8.25,88.75
8.25,8.33,8.5,8.42,8.33,8.5,88.67
8.67,8.67,8.58,8.42,8.33,8.42,88.42
8.08,8.58,8.5,8.5,7.67,8.42,88.25
8.17,8.67,8.25,8.5,7.75,8.17,88.08
8.25,8.42,8.17,8.33,8.08,8.17,87.92
8.08,8.67,8.33,8.42,8.0,8.08,87.92
8.33,8.42,8.08,8.25,8.25,8.0,87.92
8.25,8.33,8.5,8.25,8.58,8.75,87.83
8.0,8.5,8.58,8.17,8.17,8.0,87.58
8.33,8.25,7.83,7.75,8.5,8.42,87.42
8.17,8.33,8.25,8.33,8.42,8.33,87.33
8.42,8.25,8.08,8.17,7.92,8.0,87.25
8.17,8.17,8.0,8.17,8.08,8.33,87.25
8.0,8.25,8.08,8.5,8.25,8.0,87.25
8.08,8.25,8.0,8.17,8.0,8.33,87.17
8.17,8.25,8.17,8.0,7.83,8.17,87.17
8.25,8.33,8.17,8.17,7.83,8.17,87.08
8.42,8.17,7.92,8.17,8.33,8.0,87.08
8.5,8.5,8.0,8.0,8.0,8.0,86.92
7.83,8.25,8.08,8.17,8.17,8.17,86.92
8.42,8.17,8.17,8.17,7.83,7.92,86.83
8.17,8.08,8.08,8.0,8.08,8.0,86.67
8.0,8.0,8.0,8.25,8.0,8.17,86.58
7.92,8.25,8.0,8.33,8.0,8.08,86.58
8.42,8.17,8.17,8.0,7.58,8.0,86.5
8.5,8.17,8.0,7.75,8.0,8.0,86.42
8.17,7.83,8.0,8.08,7.83,8.0,86.33
8.0,8.08,7.92,8.0,8.08,8.08,86.25
8.08,8.0,8.0,8.25,7.92,7.92,86.25
8.08,8.17,8.0,7.92,7.92,7.83,86.25
8.25,8.42,8.08,7.75,7.67,7.83,86.25
7.92,7.75,8.08,8.08,8.08,8.17,86.25
7.67,8.17,8.0,8.0,8.17,8.08,86.17
7.83,8.33,7.83,8.25,7.58,7.92,86.17
8.17,7.92,7.92,7.75,8.33,8.0,86.17
8.42,7.92,8.0,7.75,7.92,8.0,86.17
8.08,8.17,7.75,8.08,7.75,7.83,86.08
8.08,8.08,8.0,8.0,7.83,8.08,86.08
8.33,8.0,8.0,8.0,7.75,8.0,86.08
8.08,8.08,7.83,7.92,8.08,7.92,86.0
7.75,7.92,7.83,8.08,8.08,8.17,86.0
7.92,8.17,7.83,8.5,7.5,7.92,86.0
8.25,8.0,7.83,8.08,8.0,7.92,86.0
7.75,8.08,8.0,8.25,8.0,8.0,86.0
8.33,8.17,7.75,8.0,7.75,7.83,86.0
7.92,8.08,7.92,8.08,8.08,7.83,85.92
8.17,8.17,7.92,8.08,7.83,7.75,85.92
8.0,8.0,8.0,8.17,7.83,8.0,85.92
8.0,8.0,7.92,8.08,7.83,8.0,85.83
7.83,8.08,7.92,8.08,8.0,7.92,85.83
7.83,8.0,8.0,8.17,7.83,8.0,85.83
8.0,8.0,7.83,8.33,7.83,7.83,85.83
7.83,8.0,7.83,8.17,7.92,8.0,85.75
8.0,8.0,8.0,8.08,7.92,7.75,85.75
8.33,8.42,7.83,8.33,8.0,8.25,85.75
7.92,8.17,8.0,7.92,7.75,7.83,85.58
7.83,8.0,8.0,7.75,7.92,8.17,85.58
7.83,8.0,7.92,7.75,8.08,8.0,85.58
8.0,7.75,7.83,7.83,7.67,8.58,85.5
7.92,7.92,7.83,8.08,7.83,7.92,85.5
7.83,8.0,7.83,7.92,7.83,8.08,85.5
8.33,7.92,7.67,7.92,7.67,7.92,85.5
8.0,7.83,7.67,8.33,7.83,8.0,85.5
7.75,7.83,7.83,8.17,7.92,7.83,85.42
8.08,8.0,7.83,7.67,8.0,7.83,85.42
7.92,7.92,7.75,7.92,7.75,7.92,85.42
8.0,8.0,8.0,7.67,7.75,8.0,85.42
8.08,7.83,7.83,8.08,7.83,7.83,85.42
8.0,8.0,8.0,7.83,7.83,7.75,85.33
7.83,7.75,7.83,7.67,7.83,8.58,85.33
7.92,8.08,8.0,7.92,8.0,8.08,85.33
8.0,7.58,7.58,7.67,8.08,8.5,85.33
7.83,8.08,7.75,8.08,7.92,7.75,85.33
8.0,7.92,7.92,8.08,7.83,7.75,85.33
7.83,7.83,7.92,8.08,7.75,7.83,85.33
7.92,7.83,7.75,8.33,7.75,7.75,85.33
8.0,7.92,7.75,8.0,7.92,7.83,85.25
8.17,7.92,7.83,8.0,7.58,7.83,85.25
7.58,8.08,7.92,7.83,8.0,7.92,85.25
7.75,7.83,7.67,8.0,8.08,7.83,85.17
8.25,8.0,7.67,7.92,7.75,7.67,85.17
7.75,8.0,7.58,8.0,8.0,7.92,85.08
8.17,7.83,7.58,8.08,8.0,7.75,85.08
8.42,8.0,7.42,8.0,7.92,7.92,85.08
7.58,7.83,7.83,7.92,7.83,8.17,85.08
7.83,8.0,7.75,7.75,7.83,7.83,85.08
8.08,8.17,7.92,8.0,8.08,8.0,85.08
7.67,8.0,7.83,8.0,7.92,7.83,85.08
7.5,7.92,8.25,7.83,7.92,7.75,85.08
8.17,7.92,7.75,7.75,7.67,7.75,85.0
8.0,7.92,7.75,7.92,7.75,7.83,85.0
7.83,8.0,7.58,7.92,7.92,7.83,85.0
7.83,8.0,7.83,7.75,7.67,7.83,85.0
8.17,7.83,7.92,7.75,7.67,7.83,85.0
7.75,7.83,7.75,8.08,8.0,7.75,85.0
8.0,8.0,7.83,7.83,7.67,7.67,85.0
7.92,8.17,7.75,8.08,7.42,7.83,85.0
7.75,7.92,7.75,7.75,8.0,8.0,85.0
7.83,8.08,7.67,8.0,7.75,7.67,85.0
7.92,7.92,7.67,7.83,7.92,7.83,84.92
7.92,7.83,7.75,7.83,7.75,8.0,84.92
7.67,7.83,8.0,7.58,8.0,7.92,84.92
8.0,7.83,7.83,7.92,7.75,7.75,84.92
7.75,7.92,7.83,7.75,7.75,8.0,84.92
7.75,8.0,7.75,7.83,7.5,7.92,84.92
8.0,7.92,7.75,7.75,8.0,7.75,84.92
8.0,8.0,7.75,8.0,7.5,7.75,84.92
8.0,7.67,7.83,8.17,7.92,7.75,84.92
7.92,7.58,7.83,7.83,7.83,7.83,84.83
7.75,7.92,7.67,7.67,8.25,7.75,84.83
7.67,7.75,7.75,7.75,7.83,8.0,84.83
7.75,7.92,7.83,7.92,7.75,7.67,84.83
7.42,7.92,7.92,8.0,7.83,7.83,84.83
7.75,7.75,7.75,7.75,8.0,7.75,84.75
7.92,7.83,7.58,7.92,7.75,7.83,84.75
7.83,7.75,8.0,7.67,7.67,7.67,84.75
7.75,8.0,8.0,8.33,7.67,7.92,84.75
7.83,7.58,7.58,7.83,7.75,7.67,84.75
7.83,7.83,7.5,8.0,7.83,7.67,84.67
7.92,7.83,7.75,7.75,7.75,7.75,84.67
7.75,7.75,7.75,7.42,8.08,7.83,84.67
8.08,7.75,7.67,7.83,7.5,7.92,84.67
7.75,7.83,7.58,8.0,7.92,7.75,84.67
8.17,8.0,7.83,7.17,7.83,7.75,84.67
8.08,7.83,7.75,7.83,7.58,7.67,84.67
7.67,7.58,7.75,7.75,7.67,8.58,84.67
8.0,7.58,7.83,7.75,7.75,7.75,84.67
8.08,7.83,7.75,7.83,7.92,8.0,84.67
8.0,7.92,7.75,7.75,7.75,7.75,84.67
7.75,7.83,7.75,7.83,7.75,7.83,84.67
7.75,7.92,7.83,8.0,7.58,7.75,84.67
8.0,7.83,7.67,7.83,7.67,8.0,84.67
7.67,7.83,7.67,8.0,7.67,7.83,84.67
7.83,7.58,7.67,7.92,7.92,7.83,84.67
7.92,7.83,7.75,7.92,7.67,7.75,84.67
7.67,7.83,7.75,7.75,7.92,7.83,84.67
7.42,7.75,7.75,8.0,8.0,7.92,84.67
7.92,7.75,7.83,7.75,7.58,7.92,84.58
7.83,7.67,7.58,7.92,7.67,7.83,84.58
7.92,7.83,7.58,8.0,7.83,7.67,84.58
7.83,7.83,7.83,7.75,7.58,7.83,84.58
7.75,7.83,7.67,7.92,7.75,7.83,84.58
8.0,7.92,7.67,7.58,7.58,7.67,84.58
7.67,7.67,7.58,7.75,7.58,8.5,84.58
7.75,7.75,7.83,7.75,7.58,8.0,84.58
7.75,7.75,7.75,8.08,7.75,7.75,84.58
7.67,7.83,7.83,8.0,7.58,7.92,84.58
7.75,7.83,7.75,8.0,7.83,7.67,84.58
7.42,7.67,7.75,7.75,8.08,7.83,84.58
8.0,8.0,7.75,7.75,7.58,7.75,84.58
8.5,8.0,7.5,7.75,7.5,7.83,84.58
7.92,7.67,7.92,7.75,7.67,7.58,84.5
7.92,7.75,7.67,7.75,7.83,7.75,84.5
7.75,7.92,7.67,7.83,7.75,7.67,84.5
7.92,7.83,7.83,7.83,7.58,7.58,84.5
8.08,7.67,7.83,7.83,7.67,7.67,84.5
7.67,8.0,7.75,7.83,7.75,7.58,84.5
8.17,7.83,7.67,7.83,7.67,7.83,84.5
7.92,7.83,7.67,8.0,7.67,7.75,84.5
8.0,7.92,7.42,8.08,7.5,7.67,84.5
7.92,7.83,7.75,7.75,7.75,7.83,84.5
7.67,8.0,7.67,8.0,7.5,7.83,84.5
7.81,7.81,7.88,7.75,7.38,8.25,84.5
8.17,7.67,7.75,7.75,7.67,7.75,84.5
7.58,7.83,7.83,8.0,7.67,7.58,84.42
7.67,7.67,7.83,7.58,7.83,7.83,84.42
7.92,7.83,7.75,7.67,7.92,7.67,84.42
7.92,7.75,7.67,7.92,7.67,7.75,84.42
7.83,7.83,7.75,8.0,7.5,7.75,84.42
7.92,7.92,7.5,7.83,7.5,7.92,84.42
7.75,7.92,7.75,7.67,7.83,7.67,84.42
7.5,7.75,7.83,7.92,7.92,7.75,84.42
7.33,7.58,7.83,7.75,7.75,7.92,84.33
7.92,8.0,7.75,7.67,7.67,7.75,84.33
7.58,7.75,7.5,7.83,7.67,8.5,84.33
7.58,7.92,7.58,7.75,7.92,7.75,84.33
7.67,7.67,7.75,7.83,7.75,7.83,84.33
7.75,7.67,8.0,7.67,8.08,7.83,84.33
7.75,7.58,7.33,7.83,7.58,8.08,84.33
8.0,7.75,7.75,7.83,7.5,7.67,84.33
8.17,8.0,7.5,7.75,7.5,7.67,84.33
8.0,8.0,7.5,7.5,7.67,7.75,84.33
7.75,7.75,7.92,7.75,7.5,7.92,84.33
7.5,7.67,7.75,7.67,7.92,7.92,84.33
7.92,7.75,7.75,7.67,7.67,7.83,84.25
7.83,7.75,7.75,7.42,7.83,7.67,84.25
7.83,7.58,7.75,7.58,7.67,8.0,84.25
7.75,7.75,7.58,7.92,7.75,7.75,84.25
7.75,7.92,7.5,8.08,7.58,7.67,84.25
7.83,7.83,7.58,7.75,7.75,7.75,84.25
7.67,7.67,7.75,7.75,7.67,7.92,84.25
7.83,7.67,7.75,7.58,7.92,7.75,84.25
7.83,7.75,7.83,7.58,7.67,7.75,84.25
7.42,7.67,7.83,7.75,7.92,7.83,84.25
7.83,7.67,7.75,7.83,7.67,7.67,84.25
7.83,7.75,7.75,7.75,7.67,7.75,84.25
7.83,7.83,7.5,7.92,7.58,7.75,84.25
7.58,7.5,7.75,7.83,7.92,7.83,84.25
7.33,7.92,7.92,7.92,7.92,8.08,84.25
7.83,7.92,7.67,7.83,7.5,7.75,84.25
7.83,7.83,7.75,7.67,7.83,7.58,84.25
7.83,7.92,7.67,7.75,7.5,7.75,84.25
8.17,7.75,7.58,7.67,7.83,7.58,84.25
7.75,7.83,7.58,7.83,7.67,7.75,84.17
7.83,7.75,7.58,7.67,7.75,7.83,84.17
7.92,7.75,7.67,7.67,7.5,7.67,84.17
7.75,7.75,7.58,8.0,7.67,7.83,84.17
7.75,7.92,7.58,7.92,7.67,7.67,84.17
7.58,7.83,7.58,7.83,7.83,7.67,84.17
8.0,7.5,7.5,7.67,8.0,7.83,84.17
7.67,7.83,7.83,7.5,7.67,7.83,84.17
7.67,7.75,7.75,7.67,7.83,7.75,84.17
7.67,7.75,7.67,7.75,7.5,8.0,84.17
7.92,7.75,7.75,7.75,7.75,7.58,84.17
7.67,7.5,7.67,7.42,7.83,8.58,84.17
7.67,7.75,7.67,7.75,7.75,7.75,84.17
7.58,7.75,7.75,7.75,7.75,7.83,84.17
7.58,7.83,7.75,7.67,7.67,8.0,84.17
7.92,7.75,7.67,7.67,7.83,7.92,84.17
8.42,8.08,7.5,7.17,7.58,8.17,84.17
7.75,7.75,7.75,7.75,7.83,7.75,84.17
7.83,7.5,7.5,8.0,7.83,7.83,84.17
7.83,7.75,7.5,7.83,7.83,7.75,84.17
7.81,7.88,7.56,7.75,7.63,7.75,84.13
7.83,7.5,7.42,7.5,7.83,8.5,84.08
7.58,7.67,7.67,7.67,7.75,7.83,84.08
8.0,7.75,7.5,7.58,7.92,7.67,84.08
7.92,7.75,7.67,7.75,7.67,7.67,84.08
7.58,7.75,7.67,8.0,7.75,7.67,84.08
7.83,7.75,7.83,7.83,7.42,8.08,84.08
7.67,7.75,7.67,7.75,7.67,7.75,84.08
7.92,7.92,7.83,8.0,7.92,7.92,84.08
7.58,7.75,7.67,7.75,7.83,7.75,84.0
7.83,7.75,7.67,7.75,7.33,7.75,84.0
7.42,7.83,7.75,7.92,7.75,7.58,84.0
7.67,7.83,7.58,7.92,7.75,7.67,84.0
7.67,7.67,7.83,7.58,7.58,7.83,84.0
7.92,7.67,7.42,7.92,7.75,7.83,84.0
7.75,7.83,7.5,7.83,7.58,7.67,84.0
7.67,7.75,7.67,7.67,7.67,7.75,84.0
7.58,7.42,7.75,7.92,7.75,7.92,84.0
7.67,7.67,7.5,7.5,7.67,7.67,84.0
7.75,7.75,7.5,7.58,7.67,7.92,84.0
7.58,7.83,7.67,7.25,8.0,7.75,84.0
7.67,7.83,7.67,7.75,7.67,7.75,84.0
7.67,7.83,7.5,7.75,7.92,7.67,84.0
7.92,8.17,8.17,8.42,8.08,8.17,84.0
7.67,7.75,7.67,7.75,7.83,7.67,84.0
7.92,7.75,7.58,7.67,7.67,7.83,84.0
7.58,7.75,7.58,7.75,7.58,7.75,84.0
7.5,7.75,7.58,7.5,7.58,7.5,83.92
7.83,7.83,7.58,7.92,7.42,7.5,83.92
7.67,7.75,7.5,7.67,7.67,7.83,83.92
7.58,7.67,7.67,7.75,7.58,7.83,83.92
7.83,7.75,7.83,7.75,7.83,7.75,83.92
7.75,7.67,7.5,7.75,7.83,7.75,83.92
7.75,7.58,7.5,7.83,7.75,7.92,83.92
7.75,7.75,7.58,7.75,7.75,7.67,83.92
7.92,7.67,7.5,7.83,7.58,7.67,83.92
7.83,7.75,7.58,7.58,7.75,7.75,83.92
7.75,7.58,7.67,7.83,7.83,7.67,83.92
8.0,7.92,7.92,7.92,7.67,7.33,83.92
7.67,7.83,7.67,7.75,7.67,7.83,83.92
7.67,7.75,7.58,7.67,7.75,7.83,83.92
7.5,7.67,7.58,7.83,7.75,7.75,83.92
7.75,7.92,7.83,7.92,7.75,7.67,83.92
7.92,7.58,7.5,7.83,7.58,7.67,83.83
7.83,7.67,7.5,7.75,7.75,7.75,83.83
7.67,7.67,7.75,7.67,7.5,7.75,83.83
7.75,7.75,7.5,7.75,7.83,7.58,83.83
7.75,7.67,7.5,7.75,7.75,7.67,83.83
7.25,7.58,7.42,8.0,7.75,7.83,83.83
7.67,7.75,7.67,7.75,7.42,7.75,83.83
7.75,7.75,7.67,7.67,7.58,7.67,83.83
7.67,7.67,7.58,7.5,7.83,8.17,83.83
7.83,7.42,7.5,7.83,7.75,7.83,83.83
7.58,7.83,7.33,8.0,7.58,7.75,83.83
7.92,7.5,7.33,7.67,8.17,7.5,83.83
7.5,7.67,7.58,7.75,7.83,7.83,83.83
7.67,7.58,7.58,7.83,7.58,7.67,83.83
7.5,7.83,7.5,7.83,7.83,7.67,83.83
7.67,8.0,7.67,7.42,7.67,7.5,83.83
7.67,7.58,7.5,7.75,7.75,7.75,83.83
7.83,7.83,7.58,7.67,7.5,7.58,83.83
7.75,7.75,7.58,8.0,7.67,7.58,83.83
7.5,7.83,7.58,7.58,7.75,7.83,83.83
7.58,7.83,7.58,8.0,7.83,7.5,83.83
7.75,7.58,7.5,7.58,7.75,7.75,83.75
7.67,7.67,7.58,7.75,7.67,7.67,83.75
7.83,7.83,7.58,7.58,7.58,7.58,83.75
7.67,7.67,7.58,7.58,7.67,7.83,83.75
7.92,7.75,7.5,7.67,7.75,7.5,83.75
7.83,7.75,7.67,7.5,7.58,7.67,83.75
7.75,7.67,7.5,7.67,7.58,7.83,83.75
8.0,7.92,7.58,7.75,7.33,7.5,83.75
7.83,7.83,7.83,7.67,8.0,8.17,83.75
7.67,7.67,7.67,7.92,7.5,7.67,83.75
7.67,7.42,7.42,7.42,8.0,8.33,83.75
7.58,7.67,7.75,7.67,7.67,7.67,83.75
7.75,7.67,7.75,7.58,7.42,8.0,83.75
7.25,7.42,7.67,7.58,7.83,8.25,83.75
7.83,7.58,7.58,7.5,7.75,7.67,83.75
7.67,7.58,7.58,7.67,7.75,7.75,83.75
7.83,7.83,7.58,7.33,7.42,7.67,83.75
7.75,7.67,7.25,7.25,7.58,8.5,83.75
7.83,7.67,7.75,7.67,7.58,7.5,83.75
7.67,7.83,7.5,7.67,7.67,7.5,83.67
8.08,7.67,7.67,7.58,7.25,7.67,83.67
7.5,7.5,7.67,7.67,8.0,8.0,83.67
7.67,7.75,7.67,7.67,7.83,7.58,83.67
7.58,7.75,7.58,7.75,7.58,7.58,83.67
7.5,7.67,7.33,7.92,7.83,7.67,83.67
7.33,7.67,7.67,7.5,7.67,7.5,83.67
7.5,7.75,7.58,7.83,7.67,7.58,83.67
7.5,7.75,7.5,7.75,7.67,7.67,83.67
8.0,7.5,7.33,8.0,8.0,8.0,83.67
7.83,7.75,7.67,7.58,7.58,7.67,83.67
7.67,7.67,7.67,7.67,7.33,7.75,83.67
7.67,7.67,7.42,7.67,8.0,7.75,83.67
7.83,7.67,7.33,7.67,7.67,7.83,83.67
7.75,7.75,7.58,7.83,7.17,7.75,83.67
8.17,8.17,7.83,7.67,8.08,7.75,83.67
7.67,8.17,7.5,7.42,7.58,7.83,83.67
7.67,7.5,7.5,7.33,7.83,8.25,83.67
8.17,7.67,7.58,7.58,7.42,7.67,83.67
7.67,7.5,7.33,8.0,7.67,7.67,83.67
7.75,8.0,7.92,8.08,7.75,8.0,83.67
7.58,7.67,7.58,7.58,7.67,7.58,83.58
7.75,7.75,7.5,7.83,7.58,7.58,83.58
7.75,7.75,7.58,7.58,7.67,7.58,83.58
7.67,7.58,7.58,7.58,7.67,7.75,83.58
7.67,7.75,7.58,7.67,7.75,7.58,83.58
7.75,7.75,7.58,7.58,7.5,7.67,83.58
7.75,7.67,7.58,7.67,7.5,7.67,83.58
7.67,7.67,7.42,7.75,7.75,7.67,83.58
7.67,7.58,7.67,7.67,7.67,7.67,83.58
7.67,7.58,7.67,7.58,7.67,7.75,83.58
7.75,7.58,7.5,7.58,7.75,7.83,83.58
7.75,7.75,7.75,7.75,7.5,7.58,83.58
7.67,7.67,7.58,7.67,7.75,7.58,83.58
7.83,7.67,7.58,7.58,7.67,7.58,83.58
7.67,7.58,7.58,7.58,7.67,7.75,83.58
7.83,7.75,7.5,7.75,7.5,7.58,83.58
7.75,7.58,7.58,7.75,7.75,7.5,83.5
7.58,7.58,7.17,7.17,7.0,7.0,83.5
7.92,7.42,7.5,7.67,7.5,7.67,83.5
7.75,7.58,7.58,7.5,7.75,7.75,83.5
7.67,7.75,7.5,7.83,7.58,7.58,83.5
7.58,7.58,7.58,7.58,7.75,7.67,83.5
7.75,7.67,7.58,7.67,7.67,7.58,83.5
7.25,7.67,7.58,7.92,7.83,7.58,83.5
7.67,7.75,7.5,7.58,7.75,7.67,83.5
7.67,7.42,7.67,7.83,7.58,7.67,83.5
8.0,7.58,7.25,7.58,7.92,7.58,83.5
7.58,7.75,7.5,7.83,7.42,7.67,83.5
7.75,7.58,7.33,7.5,7.83,7.83,83.5
7.67,7.5,7.67,7.5,7.67,7.67,83.5
7.58,7.75,7.42,7.67,7.75,7.67,83.5
7.58,7.67,7.58,7.75,7.58,7.75,83.5
7.83,7.58,7.25,7.5,7.5,7.42,83.5
7.67,7.75,7.67,7.75,7.58,7.5,83.5
7.75,7.67,7.67,7.75,7.33,7.5,83.5
7.83,7.5,7.5,8.0,7.67,7.5,83.5
7.67,7.58,7.58,7.67,7.67,7.67,83.5
7.5,7.5,7.75,7.5,8.0,7.67,83.5
7.5,7.67,7.58,7.92,7.58,7.67,83.5
7.83,7.58,7.58,7.58,7.75,7.58,83.5
7.5,7.58,7.58,7.5,7.75,7.83,83.42
7.67,7.75,7.5,7.58,7.58,7.67,83.42
7.67,7.67,7.5,7.67,7.67,7.58,83.42
7.58,7.5,7.42,7.92,7.5,7.67,83.42
7.67,7.67,7.0,7.08,7.0,7.0,83.42
7.58,7.75,7.33,7.75,7.67,7.58,83.42
7.5,7.58,7.75,7.5,7.75,7.67,83.42
7.58,7.5,7.75,7.58,7.75,7.67,83.42
7.58,7.67,7.58,7.67,7.58,7.67,83.42
7.33,7.83,7.75,7.5,7.42,7.83,83.42
7.75,7.67,7.58,7.67,7.58,7.58,83.42
7.58,7.58,7.25,7.75,7.75,8.58,83.42
7.75,7.83,7.33,7.83,7.5,7.67,83.42
7.67,7.75,7.5,7.83,7.58,7.5,83.42
7.67,7.5,7.75,7.42,7.75,7.75,83.42
7.42,7.75,7.67,7.58,7.67,7.67,83.42
7.5,7.75,7.58,7.5,7.67,7.75,83.42
7.58,7.58,7.58,7.67,7.75,7.67,83.42
7.5,7.92,7.42,7.67,7.83,7.58,83.42
7.58,7.25,7.5,7.92,7.92,7.42,83.42
7.25,7.88,7.38,7.63,7.5,8.75,83.38
7.75,7.5,7.75,7.58,7.58,7.58,83.33
7.67,7.58,7.58,7.42,7.67,7.75,83.33
7.83,7.58,7.58,7.58,7.5,7.58,83.33
7.5,7.83,7.33,7.58,7.58,7.92,83.33
7.75,7.75,7.5,7.67,7.5,7.58,83.33
7.67,7.75,7.42,7.83,7.83,7.42,83.33
7.75,7.58,7.67,7.58,7.58,7.58,83.33
7.67,7.67,7.58,7.67,7.5,7.58,83.33
7.67,7.67,7.42,7.67,7.67,7.67,83.33
7.83,7.58,7.83,7.67,7.92,8.0,83.33
7.5,7.67,7.67,7.5,7.83,7.17,83.33
7.83,7.75,7.58,7.83,7.92,7.58,83.33
7.58,7.5,7.67,7.5,7.83,7.42,83.33
7.67,7.67,7.5,7.67,7.92,7.42,83.33
7.83,7.67,7.17,7.67,7.67,7.67,83.33
7.92,7.5,7.58,7.83,7.67,7.67,83.33
7.75,7.67,7.33,7.5,7.5,7.75,83.33
7.5,7.67,7.67,7.58,7.67,7.58,83.33
8.08,7.83,7.83,7.75,7.67,7.58,83.33
7.58,7.67,7.58,7.5,7.83,7.67,83.33
7.67,7.83,7.42,7.83,7.33,7.5,83.25
7.5,7.5,7.83,7.5,7.67,7.67,83.25
7.83,7.5,7.42,7.67,7.5,7.67,83.25
7.5,7.58,7.42,7.83,7.67,7.58,83.25
7.5,7.67,7.67,7.42,7.67,7.67,83.25
7.58,7.67,7.42,7.5,7.67,7.42,83.25
7.58,7.67,7.67,7.17,7.75,7.83,83.25
7.83,7.75,7.5,7.58,7.58,7.58,83.25
7.67,7.5,7.5,7.5,7.67,7.83,83.25
7.92,7.83,7.75,7.58,7.5,7.33,83.25
7.58,7.58,7.5,7.58,7.58,7.75,83.25
7.5,7.67,7.58,7.67,7.67,7.5,83.25
7.83,7.5,7.67,7.33,7.67,7.67,83.25
7.58,7.75,7.5,7.5,7.58,7.58,83.25
7.58,7.75,7.83,8.0,8.08,7.67,83.25
7.75,7.58,7.58,7.58,7.5,7.58,83.25
7.75,7.75,7.42,7.92,7.33,7.5,83.25
7.83,7.58,7.08,7.83,7.42,8.08,83.25
7.75,7.67,7.5,7.58,7.58,7.58,83.25
7.67,7.58,7.58,7.42,7.83,7.58,83.25
7.67,7.67,7.5,7.5,7.58,7.67,83.25
7.92,7.75,7.25,7.42,7.83,7.58,83.25
8.0,7.67,7.67,7.25,7.67,7.5,83.25
7.92,7.75,7.5,7.42,7.42,7.67,83.25
7.67,7.42,7.5,7.58,7.67,7.58,83.17
7.58,7.58,7.33,7.67,7.75,7.58,83.17
7.67,7.58,7.42,7.67,7.67,7.58,83.17
7.92,7.5,7.5,7.58,7.67,7.5,83.17
7.58,7.42,7.08,7.33,7.58,8.58,83.17
7.67,7.75,7.42,7.75,7.58,7.5,83.17
7.67,7.67,7.5,7.67,7.5,7.67,83.17
7.5,7.67,7.33,7.67,7.67,7.67,83.17
7.67,7.67,7.5,7.67,7.42,7.58,83.17
7.5,7.5,7.33,7.67,8.0,7.67,83.17
7.5,7.75,7.5,7.83,7.58,7.5,83.17
7.92,7.67,7.42,7.75,7.5,7.5,83.17
7.83,7.75,7.67,7.75,7.83,8.5,83.17
7.67,7.58,7.58,7.75,7.42,7.67,83.17
7.58,7.67,7.67,7.58,7.42,7.58,83.17
7.58,7.5,7.5,7.67,7.5,7.67,83.17
8.0,7.67,7.5,7.42,7.33,7.58,83.17
7.58,7.75,7.5,7.58,7.58,7.58,83.17
7.5,7.5,7.5,7.67,7.67,7.67,83.17
7.67,7.67,7.5,7.67,7.5,7.67,83.17
7.33,7.83,7.17,8.17,7.33,7.67,83.17
7.5,7.5,7.58,7.42,7.92,7.67,83.17
7.58,7.5,7.58,7.75,7.58,7.58,83.17
7.67,7.83,7.33,7.67,7.5,7.67,83.17
7.75,7.58,7.58,7.58,7.5,7.42,83.17
7.75,7.67,7.58,7.5,7.42,7.58,83.17
7.58,7.75,7.42,7.67,7.5,7.58,83.17
7.67,7.5,7.5,7.5,7.58,8.17,83.17
7.75,7.5,7.42,7.75,7.58,7.58,83.17
7.58,7.67,7.5,7.58,7.67,7.67,83.17
7.5,7.75,7.58,7.58,7.67,7.5,83.17
7.75,7.67,7.58,7.5,7.58,7.58,83.17
7.92,7.58,7.5,7.58,7.42,7.5,83.17
7.75,7.5,7.67,7.5,7.92,8.0,83.17
7.75,7.5,7.58,7.5,7.75,7.5,83.17
7.58,7.75,7.67,7.5,7.67,7.58,83.17
7.42,7.83,8.17,8.08,7.17,7.58,83.17
7.75,8.0,7.67,8.08,7.83,7.92,83.17
7.58,7.67,7.33,7.67,7.75,7.58,83.08
7.75,7.5,7.5,7.42,8.0,7.75,83.08
7.58,7.58,7.58,7.5,7.67,7.58,83.08
7.33,7.67,7.67,7.33,7.75,7.42,83.08
7.83,7.92,7.5,7.83,7.67,7.25,83.08
7.42,7.67,7.58,7.5,7.75,7.67,83.08
7.58,7.83,7.67,7.42,7.42,7.5,83.08
7.83,7.33,7.5,7.67,7.58,7.67,83.08
7.33,7.75,7.58,7.33,7.83,7.67,83.08
7.75,7.75,7.5,7.5,7.5,7.5,83.08
7.83,7.83,7.33,7.17,7.75,7.67,83.08
7.75,7.67,7.42,7.75,7.5,7.5,83.08
7.67,7.58,7.5,7.67,7.92,8.0,83.08
7.33,7.58,7.58,7.92,7.67,7.58,83.08
7.33,7.33,7.33,7.58,7.25,8.08,83.08
7.83,7.75,7.33,7.25,7.42,7.92,83.08
7.67,7.58,7.5,7.58,7.67,7.58,83.08
7.92,7.67,7.67,7.25,7.83,7.67,83.08
7.58,7.5,7.5,7.75,7.67,7.5,83.0
7.5,7.58,7.58,7.67,7.58,7.5,83.0
7.5,7.67,7.58,7.67,7.58,7.42,83.0
7.67,7.58,7.42,7.42,7.83,7.5,83.0
7.67,7.67,7.5,7.58,7.42,7.5,83.0
7.67,7.67,7.33,7.67,7.5,7.58,83.0
7.75,7.67,7.58,7.58,7.42,7.67,83.0
7.67,7.75,7.33,7.92,7.42,7.5,83.0
7.75,7.67,7.33,7.75,7.5,7.42,83.0
7.83,7.67,7.25,7.67,7.75,7.5,83.0
7.67,7.67,7.67,7.5,7.42,7.5,83.0
7.92,7.92,7.83,7.58,7.33,7.25,83.0
7.83,7.58,7.5,7.5,7.58,7.5,83.0
7.67,7.5,7.67,7.83,7.75,7.83,83.0
7.67,7.67,7.42,7.83,7.5,7.5,83.0
7.67,7.58,7.5,7.58,7.5,7.5,83.0
7.75,7.58,7.42,7.67,7.42,7.67,83.0
7.75,7.42,7.33,7.5,7.58,7.17,83.0
7.83,7.5,7.58,7.33,7.5,7.67,83.0
7.33,7.67,7.75,7.42,7.75,7.58,83.0
7.58,7.75,7.42,7.67,7.58,7.42,83.0
7.5,7.5,7.42,7.58,7.75,7.58,83.0
7.67,7.58,7.42,7.5,7.67,7.58,83.0
7.67,7.83,7.5,7.58,7.58,7.67,83.0
7.5,7.67,7.5,7.5,7.58,7.58,83.0
7.67,7.58,7.5,7.5,7.75,7.5,83.0
7.75,7.58,7.5,7.67,7.83,7.75,83.0
7.67,7.58,7.58,7.58,7.67,7.42,83.0
7.5,7.67,7.5,7.67,7.5,7.83,83.0
7.67,7.67,7.58,7.5,7.67,7.42,83.0
7.33,7.67,7.58,7.5,7.75,7.67,83.0
7.33,7.67,7.58,7.33,7.58,7.92,83.0
7.83,7.83,7.67,7.83,7.92,7.83,83.0
7.5,7.58,7.42,7.58,7.58,7.67,83.0
7.5,7.58,7.67,7.67,7.58,7.58,83.0
7.58,7.83,7.75,7.92,7.92,8.08,83.0
7.5,7.25,7.42,7.75,8.17,7.5,83.0
7.67,7.58,7.5,7.58,7.58,7.5,82.92
7.5,7.5,7.75,7.58,7.92,7.83,82.92
7.58,7.67,7.5,7.33,7.67,7.58,82.92
7.17,7.83,7.25,7.67,7.67,7.58,82.92
7.58,7.58,7.5,7.5,7.58,7.58,82.92
7.5,7.58,7.67,7.33,7.5,7.75,82.92
7.58,7.58,7.67,7.58,7.5,7.5,82.92
8.08,7.5,7.67,7.42,7.33,7.5,82.92
7.83,7.67,7.25,7.58,7.5,7.5,82.92
7.75,7.67,7.42,7.42,7.75,7.5,82.92
7.08,7.5,7.5,7.83,7.75,7.67,82.92
8.0,7.5,7.5,7.58,7.33,7.42,82.92
7.75,7.58,7.58,7.5,7.5,7.5,82.92
7.75,7.5,7.42,7.58,7.67,7.5,82.92
7.67,7.83,7.42,7.5,7.33,7.5,82.92
7.58,7.58,7.25,7.58,7.58,7.58,82.92
7.58,7.5,7.75,7.33,7.58,7.58,82.92
7.75,7.5,7.25,7.5,7.75,7.5,82.92
7.83,7.75,7.25,7.92,7.5,7.17,82.92
7.83,7.67,7.42,7.42,7.5,7.58,82.92
7.58,7.58,7.33,7.25,7.58,7.75,82.92
7.67,7.33,7.17,7.58,8.08,7.42,82.92
8.0,7.92,7.67,7.17,7.67,7.42,82.92
7.5,7.5,7.5,7.42,7.67,7.83,82.92
7.5,7.75,7.33,7.75,7.08,7.83,82.92
7.42,7.58,7.5,7.17,7.5,8.0,82.92
7.75,7.58,7.42,7.58,7.5,7.5,82.83
7.5,7.58,7.33,7.67,7.58,7.58,82.83
7.67,7.58,7.58,7.5,7.5,7.42,82.83
7.33,7.67,7.67,7.83,7.33,7.67,82.83
7.83,7.92,7.75,7.83,7.75,7.75,82.83
7.25,7.58,7.5,7.42,7.75,7.42,82.83
7.58,7.58,7.33,7.67,7.67,7.5,82.83
7.58,7.83,7.33,7.67,7.42,7.33,82.83
7.83,7.67,7.5,7.58,7.5,7.67,82.83
7.42,7.58,7.25,7.5,7.75,7.75,82.83
7.67,7.67,7.75,7.67,7.42,7.17,82.83
7.5,7.42,7.58,7.5,7.58,7.58,82.83
7.83,7.5,7.5,7.42,7.5,7.5,82.83
7.67,7.5,7.33,7.25,7.58,7.75,82.83
7.58,7.67,7.5,7.58,7.5,7.5,82.83
7.67,7.58,7.42,7.75,7.42,7.42,82.83
7.67,7.67,7.33,7.5,7.33,7.92,82.83
7.58,7.58,7.5,7.42,7.67,7.58,82.83
7.75,7.58,7.75,7.75,7.25,7.5,82.83
7.5,7.58,7.42,7.67,7.58,7.5,82.75
7.58,7.67,7.5,7.58,7.5,7.42,82.75
7.5,7.67,7.17,7.67,7.67,7.58,82.75
7.5,7.5,7.42,7.58,7.67,7.5,82.75
7.42,7.58,7.42,7.67,7.5,7.5,82.75
7.5,7.58,7.42,7.58,7.58,7.5,82.75
7.58,7.58,7.33,7.58,7.33,7.67,82.75
7.83,7.67,7.33,7.67,7.58,7.67,82.75
7.67,7.67,7.17,7.33,7.58,7.67,82.75
7.58,7.5,7.42,7.67,7.42,7.5,82.75
7.58,7.5,7.42,7.58,7.5,7.5,82.75
7.5,7.5,7.58,7.5,7.58,7.58,82.75
7.67,7.5,7.33,7.33,7.67,7.67,82.75
7.5,7.67,7.42,7.67,7.5,7.5,82.75
7.5,7.58,7.58,7.75,7.33,7.5,82.75
7.75,7.58,7.42,7.5,7.33,7.5,82.75
7.75,7.42,7.25,7.75,7.5,7.67,82.75
7.67,7.42,7.42,7.58,7.33,7.67,82.75
7.67,7.58,7.42,7.83,7.33,7.5,82.75
7.58,7.83,7.75,7.75,7.42,8.0,82.75
7.58,7.33,7.17,7.33,7.25,8.58,82.75
7.58,7.58,7.5,7.5,7.5,7.5,82.75
7.58,7.58,7.33,7.75,7.25,7.58,82.75
8.08,8.17,8.0,8.0,7.83,7.92,82.75
7.5,7.58,7.42,7.67,7.5,7.58,82.75
7.67,7.58,7.58,7.58,7.5,7.42,82.75
7.25,7.75,7.5,7.83,7.67,7.67,82.75
7.42,7.42,7.5,7.58,7.5,7.75,82.75
7.75,7.67,7.5,7.83,7.17,7.42,82.75
7.5,7.58,7.25,7.75,7.58,7.5,82.67
7.5,7.58,7.5,7.67,7.5,7.42,82.67
7.67,7.67,7.42,7.42,7.42,7.5,82.67
7.67,7.67,7.67,7.67,7.5,7.67,82.67
7.5,7.67,7.42,7.75,7.42,7.17,82.67
7.75,7.5,7.33,7.58,7.33,7.75,82.67
7.58,7.5,7.42,7.67,7.5,7.5,82.67
7.33,7.5,7.58,7.58,7.67,7.5,82.67
7.5,7.5,7.5,7.5,7.5,7.58,82.67
7.58,7.5,7.5,7.58,7.33,7.58,82.67
8.0,7.83,7.83,7.42,7.25,7.25,82.67
7.67,7.58,7.42,7.5,7.42,7.5,82.67
7.67,7.5,7.33,7.67,7.5,7.5,82.67
7.67,7.5,7.5,7.5,7.5,7.5,82.67
7.42,7.5,7.5,7.67,7.58,7.5,82.67
7.75,7.58,7.67,7.25,7.58,7.42,82.67
7.92,8.0,7.5,6.75,7.92,7.58,82.67
7.67,7.67,7.17,7.67,7.5,7.5,82.67
7.83,7.33,7.83,7.33,7.58,7.83,82.67
7.58,7.58,7.42,7.58,7.42,7.5,82.67
7.5,7.58,7.58,7.58,7.42,7.42,82.67
7.83,7.67,7.5,7.67,7.5,7.58,82.67
7.75,7.58,7.25,7.75,7.67,7.58,82.67
8.08,7.67,7.67,7.33,7.33,7.17,82.67
7.5,7.42,7.33,7.33,7.67,7.83,82.67
7.5,7.42,7.42,7.75,7.5,7.5,82.58
7.67,7.42,7.5,7.42,7.58,7.5,82.58
7.5,7.58,7.42,7.5,7.75,7.33,82.58
7.25,7.25,7.0,7.08,7.0,7.0,82.58
7.42,7.42,7.5,7.33,7.25,7.67,82.58
7.83,7.58,7.42,7.33,7.42,7.5,82.58
7.75,7.33,7.42,7.67,7.42,7.5,82.58
7.42,7.58,7.58,7.42,7.58,7.5,82.58
7.75,7.42,7.33,7.5,7.58,7.5,82.58
7.83,7.5,7.42,7.58,7.42,7.42,82.58
7.67,7.42,7.5,7.67,7.0,7.75,82.58
7.58,7.58,7.42,7.75,7.67,7.67,82.58
7.5,7.58,7.42,7.58,7.42,7.58,82.58
7.75,7.25,7.33,7.42,7.5,7.83,82.58
7.75,7.5,7.75,7.25,7.33,7.58,82.58
7.58,7.5,7.42,7.58,7.67,7.42,82.58
7.5,7.58,7.5,7.5,7.42,7.5,82.58
7.33,7.42,7.58,7.42,7.67,7.5,82.58
7.58,7.5,7.33,7.75,7.5,7.5,82.58
7.5,7.5,7.5,7.5,7.58,7.5,82.5
7.83,7.75,7.25,7.5,7.42,7.33,82.5
7.58,7.58,7.33,7.5,7.5,7.5,82.5
7.5,7.5,7.33,7.5,7.67,7.5,82.5
7.5,7.83,7.5,7.75,7.33,7.42,82.5
7.33,7.5,7.5,7.5,7.67,7.5,82.5
7.67,7.42,7.33,7.58,7.5,7.5,82.5
7.75,7.0,7.42,7.58,7.58,7.58,82.5
7.42,7.58,7.5,7.67,7.25,7.5,82.5
7.42,7.5,7.67,7.33,7.42,7.67,82.5
7.83,7.42,7.33,7.67,7.42,7.5,82.5
7.5,7.5,7.42,7.42,7.58,7.58,82.5
7.83,7.67,7.17,7.33,7.5,7.67,82.5
7.5,7.58,7.5,7.5,7.42,7.42,82.5
7.67,7.5,7.33,7.67,7.5,7.33,82.5
7.92,7.5,7.33,7.58,7.25,7.42,82.5
7.67,7.33,7.33,7.33,7.5,7.83,82.5
7.67,7.42,7.33,7.67,7.5,7.5,82.5
7.67,7.5,7.33,7.5,7.25,7.67,82.5
7.33,7.42,7.33,7.75,7.42,7.67,82.5
7.75,7.58,7.67,7.67,7.58,7.58,82.5
7.42,7.67,7.17,7.58,7.58,7.5,82.42
7.58,7.5,7.33,7.75,7.33,7.5,82.42
7.67,7.58,7.25,7.67,7.42,7.33,82.42
7.58,7.5,7.25,7.67,7.5,7.5,82.42
7.5,7.42,7.08,7.75,7.67,7.5,82.42
5.08,7.75,7.83,7.75,7.83,8.08,82.42
7.67,7.42,7.42,7.5,7.42,7.42,82.42
7.42,7.5,7.33,7.5,7.25,7.42,82.42
7.67,7.25,7.42,7.42,7.67,7.42,82.42
7.17,7.83,7.33,7.5,7.75,7.42,82.42
7.5,7.5,7.5,7.67,7.42,7.5,82.42
7.42,7.5,7.42,7.58,7.42,7.5,82.42
7.58,7.67,7.33,7.5,7.5,7.42,82.42
7.58,7.58,7.58,7.75,7.5,7.58,82.42
7.25,7.33,7.25,7.5,7.42,7.5,82.42
7.5,7.58,7.5,7.92,7.42,7.67,82.42
7.25,7.67,7.42,7.17,7.75,7.5,82.42
7.67,7.42,7.33,7.5,7.58,7.5,82.42
7.5,7.42,7.42,7.67,7.42,7.58,82.42
7.42,7.58,7.5,7.42,7.58,7.5,82.42
7.42,7.58,7.33,7.58,7.5,7.5,82.42
7.75,7.33,7.25,7.58,7.58,7.33,82.42
7.5,7.58,7.33,7.5,7.5,7.5,82.42
7.58,7.58,7.17,7.5,7.5,7.5,82.42
7.58,7.33,7.33,7.58,7.5,7.5,82.42
7.67,7.58,7.33,7.42,7.58,7.33,82.42
7.83,7.5,7.42,7.67,7.17,7.33,82.42
7.67,7.33,7.25,7.42,7.5,7.67,82.42
7.75,7.5,7.42,7.42,7.5,7.42,82.42
7.33,7.58,7.17,7.58,7.42,7.58,82.42
7.58,7.25,7.42,7.25,7.58,7.83,82.42
7.5,7.58,7.33,7.5,7.42,7.42,82.33
7.33,7.5,7.5,7.33,7.5,7.5,82.33
7.42,7.42,7.42,7.5,7.5,7.58,82.33
7.5,7.5,7.42,7.5,7.42,7.5,82.33
7.75,7.5,7.25,7.25,7.42,7.67,82.33
7.75,7.33,7.5,7.5,7.33,7.58,82.33
7.5,7.58,7.42,7.5,7.42,7.42,82.33
8.25,7.83,7.25,8.33,8.17,8.08,82.33
7.42,7.5,7.5,7.42,7.5,7.58,82.33
7.5,7.42,7.17,7.83,7.5,7.5,82.33
7.33,7.58,7.42,7.58,7.33,7.5,82.33
7.75,8.08,7.67,8.08,8.08,8.0,82.33
7.58,7.67,7.5,7.58,7.75,7.5,82.33
7.33,7.58,7.42,7.5,7.5,7.5,82.33
7.42,7.33,7.5,7.17,7.08,8.33,82.33
7.5,7.5,7.5,7.5,7.5,7.5,82.33
7.5,7.5,7.5,7.5,7.5,7.5,82.33
7.5,7.42,7.58,7.5,7.5,7.58,82.33
7.5,7.42,7.5,7.5,7.5,7.58,82.33
7.67,7.5,7.42,7.5,7.42,7.42,82.33
7.92,7.58,7.25,7.75,7.92,7.58,82.33
7.67,7.5,7.33,7.67,7.5,7.33,82.33
7.58,7.67,7.58,7.33,7.0,7.58,82.33
7.67,7.58,7.5,7.58,7.5,7.5,82.33
7.5,7.67,7.33,7.5,7.33,7.5,82.33
7.58,7.5,7.42,7.5,7.5,7.42,82.33
8.0,7.75,7.33,7.33,7.08,7.67,82.33
7.58,7.58,7.25,7.58,7.42,7.5,82.33
7.83,7.58,7.33,7.25,7.58,7.42,82.33
7.58,7.5,7.25,7.42,7.67,7.33,82.25
7.0,7.08,7.0,7.17,7.0,7.0,82.25
7.67,7.5,7.25,7.67,7.42,7.42,82.25
7.42,7.67,7.5,7.08,7.5,7.42,82.25
7.58,7.67,7.5,7.67,7.83,8.42,82.25
7.58,7.5,7.42,7.58,7.42,7.42,82.25
7.58,7.42,7.33,7.42,7.58,7.5,82.25
7.75,7.58,7.42,7.42,7.33,7.33,82.25
7.5,7.5,7.5,7.5,7.5,7.5,82.25
7.58,7.58,7.42,7.42,7.42,7.42,82.25
7.33,7.42,7.5,7.67,7.5,7.42,82.25
7.58,7.58,7.5,7.17,7.42,7.42,82.25
7.5,7.5,7.33,7.58,7.67,7.33,82.25
7.5,7.58,7.42,7.67,7.33,7.42,82.25
7.67,7.58,7.33,7.5,7.42,7.42,82.25
7.75,7.33,7.33,7.5,7.5,7.5,82.25
7.33,7.58,7.42,7.67,7.33,7.5,82.25
7.42,7.5,7.42,7.58,7.42,7.5,82.25
7.5,7.42,7.67,7.33,7.58,7.33,82.25
7.67,7.33,7.33,7.33,7.5,7.5,82.25
7.67,7.58,7.42,7.0,7.5,7.58,82.25
7.17,7.25,7.58,7.25,7.58,7.67,82.25
7.42,7.42,7.5,7.42,7.42,7.5,82.17
7.5,7.5,7.17,7.42,7.5,7.5,82.17
7.5,7.5,7.33,7.42,7.5,7.42,82.17
7.58,7.42,7.42,7.33,7.5,7.42,82.17
7.42,7.42,7.42,7.5,7.5,7.33,82.17
6.92,7.58,7.42,7.33,7.83,7.5,82.17
7.42,7.42,7.17,7.75,7.25,7.67,82.17
7.67,7.5,7.25,7.42,7.58,7.42,82.17
7.42,7.42,7.5,7.5,7.42,7.5,82.17
7.58,7.5,7.42,7.25,7.5,7.42,82.17
7.75,7.42,7.42,7.58,7.33,7.42,82.17
7.42,7.33,7.17,7.42,7.33,8.17,82.17
7.5,7.5,7.33,7.42,7.5,7.42,82.17
7.5,7.5,7.5,7.5,7.5,7.5,82.17
7.67,7.5,7.5,7.17,7.17,7.58,82.17
7.33,7.25,7.25,7.58,7.75,7.5,82.17
7.5,7.67,7.0,7.5,7.33,7.5,82.17
7.25,7.75,7.0,7.75,8.17,7.75,82.17
7.5,7.58,7.25,7.5,7.5,7.33,82.17
7.0,7.67,7.5,7.5,7.42,7.5,82.17
7.58,7.67,7.42,7.17,7.17,7.75,82.17
7.5,7.5,7.42,7.42,7.5,7.42,82.08
7.75,7.58,7.42,7.67,7.83,7.58,82.08
7.42,7.58,7.42,7.5,7.42,7.25,82.08
7.25,7.25,7.58,7.58,7.25,7.92,82.08
7.75,7.42,7.42,7.25,7.17,7.42,82.08
7.42,7.33,7.42,7.42,7.5,7.58,82.08
7.42,7.5,7.5,7.33,7.33,7.5,82.08
7.5,7.42,7.42,7.42,7.67,7.42,82.08
7.58,7.33,7.33,7.33,7.5,7.67,82.08
7.25,7.58,7.58,7.25,7.5,7.42,82.08
7.42,7.58,7.5,7.33,7.42,7.42,82.08
7.5,7.42,7.42,7.5,7.25,7.5,82.08
7.67,7.5,7.25,7.58,7.42,7.33,82.08
7.67,8.0,7.17,7.08,7.67,7.08,82.08
7.58,7.42,7.25,7.75,7.33,7.42,82.08
7.33,7.5,7.33,7.58,7.08,7.83,82.08
7.67,7.42,7.67,7.33,7.25,7.58,82.08
7.5,7.5,7.17,7.5,7.5,7.42,82.0
7.5,7.5,7.25,7.33,7.42,7.5,82.0
7.5,7.33,7.42,7.5,7.33,7.42,82.0
7.67,7.33,7.33,7.42,7.42,7.42,82.0
7.42,7.5,7.25,7.33,7.5,7.5,82.0
7.42,7.42,7.33,7.58,7.33,7.42,82.0
7.5,7.42,7.33,7.58,7.33,7.5,82.0
7.33,7.5,7.17,7.42,7.5,7.33,82.0
7.58,7.5,7.42,7.42,7.33,7.42,82.0
7.5,7.25,7.33,7.33,7.75,7.5,82.0
7.33,7.33,7.33,7.5,7.5,7.83,82.0
7.33,7.33,7.58,7.5,7.5,7.58,82.0
7.42,7.58,7.33,7.42,8.0,7.5,82.0
7.33,7.67,7.42,7.17,7.33,7.42,82.0
7.67,7.33,7.25,7.5,7.42,7.42,82.0
7.42,7.5,7.33,7.5,7.33,7.5,82.0
7.42,7.5,7.25,7.5,7.5,7.42,82.0
7.33,7.33,7.33,7.5,7.67,7.67,82.0
7.58,7.5,7.17,7.5,7.5,7.42,82.0
7.75,7.33,7.33,7.42,7.75,7.67,82.0
7.33,7.0,7.08,7.42,7.5,7.67,82.0
7.58,7.5,7.25,7.58,7.58,7.5,81.92
7.5,7.5,7.25,7.42,7.42,7.42,81.92
7.58,7.5,7.25,7.33,7.42,7.5,81.92
7.42,7.33,7.33,7.5,7.5,7.33,81.92
7.67,7.58,7.33,7.5,7.5,7.67,81.92
7.58,7.58,7.17,7.83,7.17,7.33,81.92
7.33,7.33,7.33,7.42,7.5,7.58,81.92
7.58,7.42,7.25,7.17,7.5,7.67,81.92
7.67,7.08,7.42,7.33,7.75,7.42,81.92
7.42,7.33,7.33,7.58,7.33,7.5,81.92
7.5,7.5,7.42,7.25,7.5,7.5,81.92
7.58,7.5,7.25,7.58,7.5,7.25,81.92
7.5,7.5,7.25,7.25,7.5,7.5,81.92
7.5,7.42,7.25,7.5,7.33,7.33,81.92
7.33,7.58,7.17,7.58,7.42,7.33,81.92
7.67,7.42,7.33,7.83,7.5,7.5,81.92
7.42,7.58,7.25,7.5,7.33,7.5,81.92
7.67,7.33,7.33,7.58,7.33,7.33,81.92
7.42,7.5,7.25,7.5,7.33,7.42,81.83
7.25,7.33,7.5,7.33,7.67,7.42,81.83
7.42,7.5,7.42,7.5,7.42,7.25,81.83
7.75,7.83,7.58,7.75,7.92,7.83,81.83
7.58,7.5,7.33,7.42,7.58,7.25,81.83
7.17,7.58,6.83,7.5,7.75,7.25,81.83
7.58,7.0,6.92,6.92,7.67,7.5,81.83
7.33,7.58,7.5,7.42,7.33,7.33,81.83
7.58,7.5,7.33,7.5,7.17,7.33,81.83
7.5,7.5,7.33,7.5,7.42,7.25,81.83
7.67,7.5,7.5,7.25,7.08,7.42,81.83
7.67,7.33,7.17,7.25,7.75,7.33,81.83
7.42,7.42,7.42,7.33,7.42,7.42,81.83
7.58,7.42,7.33,7.33,7.33,7.42,81.83
7.33,7.58,7.25,7.17,7.83,7.33,81.83
7.5,7.5,7.33,7.33,7.33,7.33,81.83
7.42,7.42,7.25,7.5,7.33,7.42,81.83
7.5,7.5,7.0,7.42,7.5,7.58,81.83
7.83,7.83,7.83,8.0,7.83,7.83,81.83
7.75,7.75,7.5,7.42,7.83,7.75,81.83
7.83,7.67,7.33,7.33,7.67,7.83,81.83
7.83,7.33,7.25,7.58,7.25,7.33,81.83
7.33,7.33,7.25,7.5,7.5,7.5,81.83
7.33,7.67,7.25,7.5,7.5,7.25,81.83
7.58,7.5,7.17,7.58,7.33,7.33,81.83
7.25,7.58,7.83,7.67,7.75,7.75,81.83
7.5,7.5,7.25,7.42,7.42,7.33,81.75
7.0,7.08,7.33,7.5,7.5,7.33,81.75
7.42,7.42,7.42,7.42,7.33,7.33,81.75
7.17,7.25,7.17,7.25,7.42,8.25,81.75
7.5,7.5,7.33,7.42,7.25,7.25,81.75
7.42,7.5,7.17,7.67,7.33,7.42,81.75
7.42,7.5,7.33,7.58,7.33,7.33,81.75
7.33,7.42,7.33,7.67,7.42,7.25,81.75
7.5,7.42,7.25,7.33,7.67,7.25,81.75
7.33,7.42,7.33,7.33,7.5,7.67,81.75
7.42,7.58,6.92,7.08,7.25,8.0,81.75
7.42,7.5,7.25,7.5,7.5,7.25,81.67
7.42,7.42,7.08,7.42,7.33,7.42,81.67
7.42,7.33,7.17,7.67,7.33,7.42,81.67
7.58,7.5,7.33,7.33,7.42,7.25,81.67
7.17,7.33,7.33,7.42,7.5,7.33,81.67
7.58,7.5,7.25,7.25,7.5,7.25,81.67
7.75,7.75,7.75,7.67,5.25,7.83,81.67
7.25,7.75,6.92,7.42,7.5,7.58,81.67
7.42,7.33,7.25,7.42,7.5,7.42,81.67
7.33,7.33,7.5,7.25,7.42,7.33,81.67
7.25,7.42,7.25,7.5,7.5,7.42,81.67
7.17,7.42,7.33,7.42,7.33,7.42,81.67
7.5,7.33,7.5,7.5,7.17,7.17,81.67
7.5,7.17,7.17,7.17,7.5,7.08,81.67
7.42,7.42,7.67,8.0,7.58,7.5,81.67
7.5,7.5,7.5,7.25,7.42,7.25,81.67
7.58,7.42,7.33,7.42,7.33,7.33,81.67
7.5,7.42,7.08,7.58,7.33,7.33,81.67
7.5,7.67,7.33,7.33,7.33,7.33,81.67
7.25,7.67,7.58,7.67,7.67,7.58,81.67
7.67,7.25,7.17,7.75,7.5,7.25,81.67
7.5,7.42,7.33,7.42,7.42,7.42,81.67
7.58,7.42,7.25,7.58,7.25,7.17,81.67
7.75,7.58,7.25,7.17,7.58,7.33,81.67
7.42,7.33,7.33,7.33,7.17,7.83,81.67
7.5,7.42,7.08,7.42,7.5,7.33,81.58
7.42,7.42,7.08,7.5,7.42,7.33,81.58
7.42,7.42,7.25,7.67,7.33,7.25,81.58
7.58,7.42,7.5,7.17,7.08,7.58,81.58
7.42,7.42,7.33,7.42,7.42,7.33,81.58
7.42,7.42,7.17,7.58,7.33,7.33,81.58
7.33,7.17,7.08,7.08,8.33,8.25,81.58
7.42,7.42,7.33,7.33,7.5,7.25,81.58
7.42,7.33,7.17,7.58,7.42,7.5,81.58
7.67,7.5,7.42,7.5,6.75,7.42,81.58
7.33,7.5,7.25,7.5,7.5,7.17,81.58
7.67,7.58,7.42,7.58,7.58,7.42,81.58
7.08,7.33,7.58,7.58,7.17,7.5,81.58
7.33,7.33,7.17,7.5,7.58,7.33,81.58
7.25,7.17,7.33,7.33,7.5,7.75,81.58
7.67,7.58,7.17,7.42,7.33,7.42,81.5
7.5,7.42,7.33,7.33,7.25,7.33,81.5
7.5,7.5,7.33,7.42,7.17,7.25,81.5
7.5,7.42,7.25,7.25,7.5,7.25,81.5
7.5,7.42,7.33,7.08,7.58,7.25,81.5
7.25,7.42,7.25,7.5,7.33,7.33,81.5
7.83,7.33,7.08,7.08,7.33,7.5,81.5
7.67,7.42,6.92,7.5,7.5,7.17,81.5
7.5,7.42,7.17,7.58,7.25,7.42,81.5
7.58,7.5,7.5,7.67,7.67,7.83,81.5
7.42,7.33,7.25,7.42,7.42,7.33,81.5
7.5,7.42,7.25,7.25,7.33,7.33,81.5
7.33,7.33,7.17,7.42,7.5,7.5,81.5
7.58,7.42,7.25,7.42,7.33,7.33,81.5
7.42,7.25,7.17,7.42,7.17,8.0,81.5
7.33,7.5,7.33,7.33,7.33,7.42,81.5
7.42,7.42,7.33,7.17,7.25,7.42,81.5
7.5,7.5,7.25,7.5,7.42,7.58,81.5
7.75,7.17,7.17,7.33,7.58,7.33,81.5
7.5,7.42,7.17,7.42,7.5,7.33,81.5
7.33,7.5,7.33,7.42,7.17,7.33,81.5
7.42,7.42,7.17,7.42,7.42,7.33,81.5
7.33,7.33,7.33,7.5,7.5,7.83,81.5
7.58,7.33,7.08,7.33,7.5,7.33,81.42
7.42,7.33,7.08,7.58,7.33,7.25,81.42
7.33,7.5,7.5,7.33,6.83,7.42,81.42
7.5,7.33,7.17,7.25,7.5,7.42,81.42
7.83,7.75,7.42,7.17,7.08,7.08,81.42
7.58,7.17,7.33,7.42,7.08,7.42,81.42
7.25,7.5,7.42,7.17,7.33,7.33,81.42
7.42,7.5,7.17,7.42,7.42,7.42,81.42
7.67,7.33,7.25,7.17,7.25,7.42,81.42
7.42,7.42,7.17,7.33,7.42,7.42,81.42
7.42,7.33,7.25,7.42,7.42,7.5,81.42
7.42,7.33,7.25,7.17,7.25,7.42,81.42
7.42,7.42,7.25,7.25,7.5,7.33,81.42
7.5,7.42,7.25,7.17,7.17,7.75,81.42
7.75,7.33,7.42,7.0,7.33,7.25,81.42
7.83,7.0,7.0,7.58,7.58,7.5,81.42
7.5,7.33,7.33,7.17,7.33,7.42,81.33
7.5,7.5,7.0,7.17,7.5,7.33,81.33
7.67,7.42,7.0,7.42,7.58,7.08,81.33
7.25,7.33,7.33,7.33,7.33,7.42,81.33
7.58,7.42,7.17,7.42,7.17,7.17,81.33
7.17,7.33,7.42,7.25,7.42,7.33,81.33
7.08,7.33,7.42,7.33,7.33,7.5,81.33
7.75,7.33,7.08,7.33,7.33,7.25,81.33
7.33,7.33,7.17,7.33,7.5,7.33,81.33
7.58,7.42,7.25,7.33,7.25,7.25,81.33
7.33,7.25,7.17,7.42,7.58,7.33,81.33
7.83,7.75,7.67,7.83,7.83,7.75,81.25
7.17,7.42,7.17,7.08,6.92,8.17,81.25
7.08,7.5,7.33,7.17,7.42,7.25,81.25
7.42,7.17,7.17,7.5,7.33,7.25,81.25
7.33,7.42,7.17,7.25,7.42,7.33,81.25
7.33,7.17,7.17,7.5,7.25,7.42,81.25
7.5,7.5,7.25,7.25,7.25,7.25,81.25
7.5,7.33,7.5,7.58,7.0,7.25,81.25
7.42,7.42,7.33,7.33,7.5,7.42,81.25
7.33,7.5,7.17,7.17,7.58,7.17,81.17
7.67,7.17,7.17,7.33,7.5,7.17,81.17
7.75,7.58,7.08,7.25,7.08,7.25,81.17
7.5,7.5,7.33,7.17,7.08,7.17,81.17
7.42,7.33,7.0,7.42,7.33,7.33,81.17
6.83,7.42,7.42,7.17,7.5,7.42,81.17
7.25,7.25,7.25,7.08,7.58,7.5,81.17
7.58,7.17,7.17,7.33,7.33,7.25,81.17
7.58,7.25,7.33,7.08,7.33,7.33,81.17
7.33,7.08,7.33,7.25,7.33,7.58,81.17
7.42,7.42,7.17,7.42,7.33,7.25,81.17
7.42,7.25,7.08,7.75,7.42,7.17,81.17
7.42,7.25,7.33,7.25,7.25,7.42,81.17
7.42,7.33,7.25,7.42,7.5,7.17,81.17
7.25,7.75,7.67,7.67,7.42,7.67,81.17
7.42,7.33,7.17,7.33,7.42,7.17,81.08
7.58,7.42,7.5,7.25,7.75,7.58,81.08
7.33,7.33,7.33,7.42,7.33,7.33,81.08
7.42,7.17,7.33,7.42,7.25,7.33,81.08
7.42,7.33,7.33,7.25,7.25,7.33,81.08
7.42,7.25,7.17,7.25,7.25,7.58,81.08
7.67,7.75,7.67,7.58,7.58,7.67,81.08
7.25,7.42,7.33,7.33,7.17,7.33,81.08
7.33,7.25,7.33,7.42,7.25,7.42,81.08
7.33,7.33,7.25,7.42,7.25,7.25,81.08
7.42,7.33,7.25,7.42,7.17,7.25,81.08
7.42,7.42,7.25,7.58,6.92,7.17,81.08
7.25,7.25,7.17,7.5,7.33,7.17,81.0
7.42,7.08,7.08,7.33,7.25,7.58,81.0
7.33,7.17,7.17,7.67,7.33,7.17,81.0
7.42,7.25,7.17,7.5,7.25,7.17,81.0
7.67,7.5,7.42,5.25,7.67,7.75,81.0
7.5,7.25,7.0,7.25,7.5,7.25,81.0
7.25,7.17,7.17,7.25,7.5,7.33,81.0
7.42,7.25,7.25,7.33,7.25,7.17,81.0
7.67,7.75,7.83,7.75,7.83,7.75,81.0
7.33,7.33,7.08,7.42,7.17,7.33,81.0
7.33,6.92,7.17,7.33,7.42,7.42,81.0
7.5,6.92,7.33,7.33,7.33,7.33,81.0
7.33,7.42,7.25,7.42,7.25,7.17,81.0
7.08,7.33,7.33,7.33,7.42,7.25,81.0
7.58,7.67,7.5,7.67,7.58,7.5,81.0
7.33,7.17,7.25,7.33,7.33,7.25,80.92
7.67,7.67,7.33,7.58,7.67,7.5,80.92
7.17,7.58,7.5,7.5,8.0,7.75,80.92
7.5,7.33,7.17,7.42,7.5,7.33,80.92
7.17,7.42,7.0,7.58,7.33,7.0,80.92
7.42,7.08,7.17,7.17,7.58,7.25,80.92
7.33,7.17,7.17,7.25,7.42,7.33,80.92
7.25,7.33,7.25,7.25,7.25,7.33,80.92
7.92,7.67,7.33,7.08,7.08,7.08,80.92
7.17,7.42,7.17,7.25,7.25,7.33,80.92
7.33,7.08,7.25,7.0,7.5,7.42,80.92
7.58,7.42,6.92,7.5,7.25,7.17,80.92
7.42,7.25,7.25,7.25,7.25,7.25,80.92
7.25,7.17,7.08,7.08,7.08,8.08,80.92
7.42,7.25,7.25,7.25,7.25,7.25,80.92
7.58,7.33,7.08,7.5,7.17,7.25,80.92
7.67,7.58,7.33,7.33,7.17,7.0,80.92
7.42,7.33,7.17,7.17,7.17,7.25,80.83
7.67,7.25,7.08,7.33,7.17,7.25,80.83
7.17,7.08,7.25,7.42,7.25,7.33,80.83
7.33,7.25,7.33,7.33,7.25,7.17,80.83
7.5,7.17,7.33,7.25,7.17,7.17,80.83
7.42,7.33,7.0,7.25,7.33,7.5,80.83
7.33,7.33,7.0,6.83,7.33,7.67,80.83
7.17,7.25,7.08,7.17,7.25,7.58,80.75
6.92,7.5,7.0,7.58,7.5,7.08,80.75
7.5,7.33,7.0,7.42,7.17,7.17,80.75
7.25,7.25,7.17,7.25,7.33,7.25,80.75
7.5,7.33,7.0,7.42,7.25,7.17,80.75
7.25,7.33,7.17,7.33,7.33,7.17,80.75
7.42,7.17,7.08,7.42,7.25,7.25,80.75
7.25,7.33,7.08,7.5,7.25,7.33,80.75
7.33,7.33,7.25,7.25,7.17,7.17,80.75
7.58,7.33,7.42,7.25,7.5,7.5,80.75
7.42,7.0,7.42,7.25,7.08,7.33,80.75
7.08,7.33,7.17,7.25,7.33,7.67,80.75
7.33,7.08,7.08,7.08,7.42,7.33,80.67
7.58,7.42,7.0,7.67,7.5,7.5,80.67
7.67,7.42,6.83,7.17,7.42,7.17,80.67
7.83,7.5,7.67,7.67,7.83,7.5,80.67
7.5,7.25,7.17,7.17,7.25,7.17,80.67
7.25,7.17,7.17,7.25,7.17,7.42,80.67
7.67,7.5,7.42,7.67,7.5,7.75,80.67
7.67,7.17,7.0,7.5,7.0,7.0,80.67
7.0,7.33,7.5,7.33,7.0,7.33,80.67
7.0,7.5,7.33,7.17,7.17,7.17,80.67
7.17,7.25,7.08,7.42,7.08,7.42,80.67
7.33,7.25,7.33,7.08,7.58,7.25,80.58
7.08,7.5,7.0,7.25,7.42,7.0,80.58
7.25,7.08,7.08,7.33,7.33,7.25,80.58
7.42,7.25,7.33,7.0,7.08,7.25,80.58
7.5,7.17,7.0,7.42,7.33,7.0,80.58
7.17,7.42,6.83,7.5,7.17,7.25,80.58
7.42,7.58,7.5,7.92,7.83,7.83,80.58
7.08,7.25,7.0,7.5,7.08,7.33,80.58
7.17,7.17,7.17,7.42,7.17,7.25,80.5
7.33,7.25,7.08,7.17,7.25,7.17,80.5
7.58,7.33,7.0,7.17,7.33,7.08,80.5
7.25,7.25,7.17,7.17,7.25,7.17,80.5
7.25,7.33,7.17,7.5,7.33,7.25,80.5
7.17,7.33,7.17,7.42,7.25,7.08,80.5
7.5,7.17,6.83,7.5,7.17,7.17,80.5
7.42,7.42,7.08,7.33,7.67,7.5,80.5
7.42,7.33,7.33,7.58,7.58,7.42,80.5
7.5,7.5,7.0,7.67,7.17,7.0,80.5
7.25,7.25,7.08,7.33,7.25,7.17,80.5
7.25,7.42,7.0,7.42,7.33,7.0,80.42
7.58,7.17,7.17,7.17,7.17,7.17,80.42
7.33,7.17,7.08,7.08,7.33,7.17,80.42
7.25,7.08,7.25,7.17,7.33,7.17,80.42
6.92,7.17,7.08,7.5,7.33,7.17,80.42
7.42,7.08,7.08,7.33,7.25,7.17,80.42
7.08,7.25,7.17,7.33,7.08,7.08,80.33
7.25,7.17,7.0,7.25,7.42,7.08,80.33
7.25,7.17,7.25,7.25,7.25,7.08,80.33
7.25,7.25,7.08,7.25,7.25,7.25,80.33
7.33,7.33,6.83,7.5,7.0,7.17,80.33
7.25,7.08,7.08,7.33,7.33,7.17,80.33
7.17,7.5,6.92,7.33,7.67,7.33,80.33
7.25,7.25,7.25,7.33,7.5,8.0,80.33
7.17,7.33,7.42,7.08,7.0,7.0,80.25
7.25,7.25,7.0,7.0,7.42,7.0,80.25
7.25,7.17,7.0,7.33,7.33,7.0,80.25
8.0,7.08,7.0,7.33,7.08,6.92,80.25
7.42,7.0,7.08,7.0,7.17,7.33,80.25
7.08,6.92,7.0,7.25,7.5,7.25,80.25
7.5,7.08,7.67,7.67,7.42,7.58,80.25
7.42,8.0,7.83,7.75,8.08,7.58,80.25
7.25,7.08,7.25,7.25,7.17,7.25,80.25
7.0,7.17,7.33,7.33,7.0,7.17,80.25
7.58,7.33,7.17,7.25,6.75,7.0,80.25
7.42,7.25,7.25,7.58,7.42,7.33,80.17
7.17,7.08,7.08,7.33,7.25,7.08,80.17
7.25,7.25,7.0,7.17,7.08,7.08,80.17
7.33,7.33,7.0,7.17,7.17,7.17,80.17
7.33,7.08,6.92,7.42,7.25,7.08,80.17
7.58,7.42,7.33,7.5,7.08,7.17,80.17
7.33,7.33,7.17,7.08,7.25,7.0,80.17
7.33,7.33,7.0,7.33,7.0,7.0,80.17
7.58,7.5,7.33,7.33,7.67,7.33,80.17
7.17,7.17,7.0,7.17,7.25,7.25,80.08
7.42,7.25,7.25,7.17,7.0,7.0,80.08
7.25,7.17,6.92,7.25,7.17,7.25,80.08
7.25,7.25,7.25,7.25,7.08,7.0,80.08
7.25,7.25,7.25,7.0,7.25,7.08,80.08
7.25,7.25,7.25,7.08,7.17,7.08,80.08
7.33,7.17,7.25,7.08,7.08,7.08,80.08
7.25,7.08,7.0,7.17,7.33,7.17,80.08
7.33,7.08,6.92,7.08,7.42,7.17,80.0
7.17,7.33,7.0,7.42,7.17,7.0,80.0
7.58,7.75,7.42,7.5,7.5,7.5,80.0
7.25,7.25,7.25,7.0,7.25,7.0,80.0
7.33,6.67,7.08,7.42,7.42,7.08,80.0
7.25,7.25,7.08,7.17,7.33,7.33,80.0
7.08,7.33,7.0,7.33,7.08,7.0,80.0
7.42,7.42,7.5,7.92,7.75,7.58,80.0
7.83,7.67,7.58,7.75,7.83,7.17,79.92
7.5,7.0,7.0,6.92,7.33,7.17,79.92
7.33,7.08,7.08,7.33,7.42,7.17,79.92
7.17,7.17,6.92,7.25,7.33,7.08,79.92
7.5,7.17,7.0,7.17,7.25,7.08,79.92
7.17,7.08,7.08,7.08,7.5,7.33,79.92
7.33,7.25,7.0,7.42,7.17,7.17,79.92
7.17,7.33,7.08,7.58,7.33,7.08,79.92
7.5,7.42,7.58,7.42,7.5,7.58,79.92
7.0,7.08,7.0,7.17,7.25,7.25,79.83
7.33,7.25,6.92,7.33,7.25,7.33,79.83
6.83,7.17,7.17,6.92,7.5,7.08,79.83
7.17,7.08,7.0,7.25,7.5,7.0,79.83
7.58,7.08,6.83,7.17,7.5,7.17,79.83
7.5,7.42,7.25,7.58,7.33,7.42,79.75
7.75,7.33,7.17,7.33,7.67,7.83,79.75
7.08,7.08,7.25,7.0,7.17,7.17,79.75
7.25,7.08,6.92,7.5,7.08,6.92,79.75
7.0,7.08,7.0,7.25,7.5,7.42,79.75
7.58,7.5,7.67,7.75,7.67,7.58,79.75
7.58,7.08,7.0,7.0,7.5,6.92,79.75
7.58,7.08,6.92,7.58,7.5,6.92,79.75
7.25,7.08,7.0,7.17,7.17,7.08,79.75
7.25,7.17,7.17,7.08,7.17,7.0,79.75
7.33,7.25,7.0,7.08,7.08,7.0,79.75
7.58,7.33,7.5,7.33,7.0,7.33,79.75
7.25,6.83,6.92,7.08,7.25,7.08,79.75
7.42,7.42,7.25,7.58,7.42,7.33,79.67
7.25,7.08,7.0,6.83,7.33,7.17,79.67
6.92,7.17,6.83,7.42,7.17,7.08,79.67
7.5,7.0,6.83,7.08,7.08,7.17,79.67
7.42,7.25,6.83,7.58,7.17,6.58,79.67
7.33,7.17,7.0,6.75,7.08,7.0,79.67
6.92,7.17,7.17,7.17,7.08,7.08,79.67
7.17,7.17,7.0,7.0,7.25,6.92,79.67
7.08,7.0,6.92,7.33,7.25,7.08,79.58
7.25,6.92,6.92,7.33,7.25,7.0,79.58
7.25,7.17,7.0,6.75,7.17,7.33,79.58
7.08,7.0,6.83,7.33,7.25,7.0,79.58
6.92,6.92,7.0,7.42,7.25,7.0,79.5
6.92,7.0,7.17,7.0,7.42,7.0,79.5
7.83,7.5,7.42,7.42,7.67,7.5,79.5
7.25,7.08,6.92,7.25,7.58,7.08,79.5
7.25,7.33,7.0,7.25,7.17,7.17,79.5
7.08,7.33,7.25,7.58,7.33,7.42,79.42
7.25,7.33,6.83,7.0,7.0,7.17,79.42
7.0,6.83,6.83,7.42,7.33,7.17,79.42
7.42,7.25,6.83,7.0,7.33,7.08,79.33
7.42,7.25,6.75,7.25,7.42,7.25,79.33
7.0,7.0,6.83,7.33,7.42,6.92,79.33
7.42,7.17,7.08,7.17,7.08,7.08,79.33
7.17,6.5,6.33,7.25,7.58,7.33,79.33
7.08,6.83,6.83,7.25,7.42,7.08,79.25
7.0,7.0,6.92,7.17,7.17,7.08,79.25
7.33,7.42,7.33,7.42,7.5,7.42,79.17
7.58,7.0,6.75,6.92,7.0,6.92,79.17
7.08,7.0,6.92,7.42,7.0,6.92,79.17
7.25,7.17,6.75,7.25,7.0,6.92,79.17
7.17,7.42,7.5,8.0,7.25,7.83,79.17
7.25,7.08,6.92,7.08,7.17,7.17,79.17
7.17,6.92,6.92,7.08,7.17,7.0,79.17
6.75,6.75,6.83,7.25,7.58,7.08,79.17
7.58,7.67,7.42,7.42,7.67,7.67,79.08
7.42,7.08,6.75,7.33,7.33,6.92,79.08
7.33,7.0,6.92,7.25,7.33,7.08,79.08
7.25,7.08,6.75,7.33,7.42,7.0,79.08
7.17,7.25,7.25,7.17,7.25,7.08,79.08
6.75,6.75,6.42,6.83,7.58,7.5,79.08
7.33,7.17,6.58,7.42,7.08,6.83,79.0
7.0,7.0,7.0,7.0,7.0,7.0,79.0
7.67,7.17,7.08,7.25,8.0,7.5,79.0
6.75,7.08,6.67,7.25,7.17,7.08,79.0
7.5,7.17,6.92,7.5,7.25,7.0,79.0
7.17,6.83,6.83,7.25,7.17,6.92,79.0
7.33,7.0,6.75,7.08,7.17,7.25,78.92
7.5,7.0,6.92,7.08,6.92,6.75,78.92
7.17,7.0,6.92,7.0,7.0,7.0,78.83
7.5,6.92,6.92,7.25,7.58,7.42,78.75
7.33,7.08,6.33,7.25,7.0,7.0,78.75
7.25,6.83,6.83,7.0,7.17,7.0,78.75
7.25,7.33,7.17,7.25,7.08,7.0,78.75
7.67,7.17,6.83,7.33,7.58,7.17,78.75
7.0,6.92,6.83,7.17,7.17,7.17,78.67
6.92,6.92,6.67,7.25,7.17,6.92,78.67
7.08,7.0,6.75,6.83,7.08,6.92,78.58
6.83,7.08,6.92,6.75,7.25,7.08,78.58
7.33,7.17,6.92,7.58,7.25,7.17,78.58
6.83,6.75,7.17,7.25,7.0,6.92,78.58
7.0,7.0,6.75,7.33,6.92,6.92,78.58
7.92,7.58,7.58,7.92,7.92,7.5,78.58
7.92,6.83,7.08,7.42,6.75,7.33,78.58
7.25,6.75,6.92,6.92,7.25,7.58,78.5
7.08,6.83,6.83,7.0,7.0,6.92,78.5
7.25,7.17,7.0,6.83,7.58,7.08,78.5
6.83,7.0,6.92,7.08,6.92,6.83,78.42
7.58,7.17,7.0,7.17,7.33,7.0,78.42
7.5,7.75,7.58,7.83,7.92,7.92,78.33
7.17,6.5,6.67,7.0,7.17,7.17,78.33
7.17,7.17,6.5,7.17,7.0,6.83,78.33
7.25,7.25,7.0,7.5,7.33,7.42,78.33
7.17,6.08,6.17,7.25,7.33,7.33,78.33
7.5,7.5,7.33,7.58,7.5,7.42,78.25
7.42,7.33,7.33,7.5,7.67,7.75,78.25
6.92,6.83,6.92,6.92,6.92,6.83,78.17
7.08,6.83,6.67,7.25,7.25,6.92,78.08
7.5,7.08,7.33,7.17,7.5,7.5,78.0
6.83,7.0,6.67,7.0,7.0,6.83,78.0
7.58,7.33,7.5,7.42,7.5,7.33,78.0
7.42,7.25,6.83,7.33,7.0,6.92,78.0
7.33,7.17,6.92,7.08,7.33,7.0,78.0
7.0,6.83,6.83,7.17,6.67,6.83,78.0
7.25,7.33,7.0,7.0,7.25,7.08,78.0
7.42,7.17,7.0,7.17,7.67,7.17,78.0
7.5,7.25,7.42,7.0,7.08,6.83,77.92
7.42,7.25,7.0,7.0,7.25,7.08,77.92
7.17,6.17,6.17,7.08,7.33,6.83,77.92
7.42,7.0,7.0,7.17,7.08,7.0,77.83
7.0,6.75,6.67,6.83,7.08,6.83,77.83
7.0,6.83,6.67,7.17,6.83,6.83,77.83
7.17,6.75,6.58,7.33,7.33,7.17,77.67
7.58,7.67,7.58,7.67,7.42,7.42,77.58
7.17,6.75,6.58,6.75,6.83,6.75,77.5
7.08,6.92,6.33,7.0,6.92,7.0,77.42
7.5,7.33,7.42,7.58,7.58,6.92,77.33
7.33,7.0,6.83,7.17,7.17,7.17,77.33
7.33,7.0,6.67,7.0,6.92,6.92,77.33
6.83,6.83,6.83,6.75,6.92,6.92,77.25
7.08,6.92,6.83,6.67,7.58,7.42,77.25
7.08,7.0,7.0,7.25,7.33,7.25,77.17
7.42,7.75,7.42,7.67,7.92,7.83,77.0
7.67,7.33,7.17,6.67,7.17,7.42,76.83
6.67,6.33,6.42,6.83,7.0,6.92,76.75
6.42,6.5,6.5,7.33,6.33,6.92,76.5
7.17,6.58,6.58,7.0,7.25,6.58,76.42
7.5,7.0,6.83,7.5,7.17,7.33,76.33
6.17,6.5,6.5,7.17,7.0,6.83,76.33
7.25,7.08,6.83,7.17,7.33,6.83,76.25
7.5,7.33,7.33,7.58,7.67,7.25,76.17
7.42,7.0,6.83,7.08,6.92,6.83,76.17
7.33,7.0,6.5,6.08,7.58,6.33,76.17
7.08,6.83,6.83,7.17,7.17,7.08,76.08
6.83,6.83,6.67,6.83,7.0,6.83,76.0
6.83,6.5,6.5,6.92,6.75,7.0,75.83
7.17,7.0,6.83,7.5,7.17,7.0,75.67
7.92,7.58,7.17,7.58,7.33,7.17,75.58
6.67,6.5,6.33,7.0,7.17,6.75,75.58
7.5,7.25,6.92,7.0,7.17,6.83,75.5
7.17,6.92,6.67,6.83,7.25,7.75,75.17
7.25,6.83,6.67,7.08,7.17,6.83,75.17
7.17,7.17,6.83,7.17,7.42,6.67,75.17
7.0,6.92,6.75,6.92,7.17,6.83,75.0
7.08,6.75,6.58,7.0,7.0,6.75,74.92
7.33,6.75,6.67,7.25,7.5,7.0,74.83
6.75,6.5,6.17,7.0,7.25,6.75,74.75
6.75,6.67,6.17,7.17,7.0,6.58,74.75
7.08,7.0,6.83,7.5,7.33,6.83,74.67
7.5,7.25,7.0,7.25,7.42,7.33,74.42
6.5,6.33,6.5,7.5,7.33,6.83,74.33
7.0,6.58,6.67,6.83,7.08,6.83,74.33
6.92,6.42,6.17,7.33,7.25,6.75,74.0
7.67,7.0,7.17,7.58,7.33,7.33,73.83
7.17,7.17,7.17,7.58,7.67,6.92,73.67
7.25,6.58,6.58,7.0,7.0,6.42,73.5
7.0,7.17,6.83,7.17,7.0,7.17,73.42
7.08,7.08,6.92,7.08,6.92,6.92,72.92
8.0,7.33,7.75,7.33,7.42,7.67,72.83
6.92,6.92,6.92,7.5,7.58,7.17,72.58
6.33,6.5,6.33,6.83,6.33,6.5,71.75
6.92,6.92,6.92,6.92,7.17,7.0,71.08
6.5,6.67,6.42,7.17,7.33,6.5,71.0
6.92,7.0,6.83,6.92,7.42,6.92,70.75
7.0,7.0,6.83,7.0,7.33,6.83,70.67
6.67,6.5,6.17,6.67,6.83,6.17,69.33
7.0,6.17,6.17,6.67,6.5,6.17,69.17
7.0,6.33,6.17,6.5,6.67,6.17,69.17
7.08,6.83,6.25,7.42,7.25,6.75,68.33
6.75,6.58,6.42,6.67,7.08,6.67,67.92
7.25,6.58,6.33,6.25,6.42,6.08,63.08
7.5,6.67,6.67,7.67,7.33,6.67,59.83
